title,url,discounted_price,original_price,User-Agent
Fashion New Xiaomi MiBand Smart Bracelet Silicone Band Watch WWT-350920,https://web.archive.org/web/20150508183443/http://www.tinydeal.com/fashion-new-xiaomi-miband-smart-bracelet-silicone-band-watch-p-139192.html,$16.90,$34.81 ,"Mozilla/5.0 (Windows NT 10.0; Win64; x64) AppleWebKit/537.36 (KHTML, like Gecko) Chrome/76.0.3809.100 Safari/537.36"
Simplified Package Fashion New Xiaomi MiBand Smart Bracelet WWT-364568,https://web.archive.org/web/20150508183443/http://www.tinydeal.com/simplified-package-fashion-new-xiaomi-miband-smart-bracelet-p-142799.html,$16.80,$17.76 ,"Mozilla/5.0 (Windows NT 10.0; Win64; x64) AppleWebKit/537.36 (KHTML, like Gecko) Chrome/76.0.3809.100 Safari/537.36"
DIY Google Cardboard VR 3D Glasses for iPhone Samsung Cellphone EPATH-334753,https://web.archive.org/web/20150508183443/http://www.tinydeal.com/diy-google-cardboard-vr-3d-glasses-for-iphone-samsung-cellphone-p-135220.html,$2.79,$9.04 ,"Mozilla/5.0 (Windows NT 10.0; Win64; x64) AppleWebKit/537.36 (KHTML, like Gecko) Chrome/76.0.3809.100 Safari/537.36"
Xiaomi Piston 3 Generation Edition Earphone Mic EEP-384792,https://web.archive.org/web/20150508183443/http://www.tinydeal.com/xiaomi-piston-3-generation-edition-earphone-mic-p-147414.html,$18.45,$27.68 ,"Mozilla/5.0 (Windows NT 10.0; Win64; x64) AppleWebKit/537.36 (KHTML, like Gecko) Chrome/76.0.3809.100 Safari/537.36"
220-240V E27 18W 1650LM 56-LED SMD 5630 LED Corn Bulb HLT-363829,https://web.archive.org/web/20150508183443/http://www.tinydeal.com/220-240v-e27-18w-1650lm-56-led-smd-5630-led-corn-bulb-p-142615.html,$3.13,$5.94 ,"Mozilla/5.0 (Windows NT 10.0; Win64; x64) AppleWebKit/537.36 (KHTML, like Gecko) Chrome/76.0.3809.100 Safari/537.36"
Genuine Xiaomi Portable USB LED Mini Light Lamp EPATH-353455,https://web.archive.org/web/20150508183443/http://www.tinydeal.com/genuine-xiaomi-portable-usb-led-mini-light-lamp-p-140066.html,$2.78,$6.11 ,"Mozilla/5.0 (Windows NT 10.0; Win64; x64) AppleWebKit/537.36 (KHTML, like Gecko) Chrome/76.0.3809.100 Safari/537.36"
5600mAh Candy Mobile Power Bank External Battery Charger EBTPH-334165,https://web.archive.org/web/20150508183443/http://www.tinydeal.com/5600mah-candy-mobile-power-bank-external-battery-charger-p-135304.html,$4.60,$6.85 ,"Mozilla/5.0 (Windows NT 10.0; Win64; x64) AppleWebKit/537.36 (KHTML, like Gecko) Chrome/76.0.3809.100 Safari/537.36"
TW64 Smart Bracelet Wristband Bluetooth 4.0 Sleep Tracking Band WWT-378413,https://web.archive.org/web/20150508183443/http://www.tinydeal.com/tw64-smart-bracelet-wristband-bluetooth-40-sleep-tracking-band-p-146285.html,$11.24,$27.69 ,"Mozilla/5.0 (Windows NT 10.0; Win64; x64) AppleWebKit/537.36 (KHTML, like Gecko) Chrome/76.0.3809.100 Safari/537.36"
"TECLAST X98 Air 3G 9.7"" Dual OS Z3736F 2GB 64GB Tablet Phone ETC-375897",https://web.archive.org/web/20150508183443/http://www.tinydeal.com/teclast-x98-air-3g-97-dual-os-z3736f-2gb-64gb-tablet-phone-p-145198.html,$235.99,$311.27 ,"Mozilla/5.0 (Windows NT 10.0; Win64; x64) AppleWebKit/537.36 (KHTML, like Gecko) Chrome/76.0.3809.100 Safari/537.36"
2600mAh Perfume External Power Bank Charger A5 for Mobiles MBT-162716,https://web.archive.org/web/20150508183443/http://www.tinydeal.com/2600mah-perfume-external-power-bank-charger-a5-for-mobiles-p-85075.html,$2.97,$3.66 ,"Mozilla/5.0 (Windows NT 10.0; Win64; x64) AppleWebKit/537.36 (KHTML, like Gecko) Chrome/76.0.3809.100 Safari/537.36"
2PCS 1000mAh 1.5V AA Water Activation Battery EDC-340027,https://web.archive.org/web/20150508183443/http://www.tinydeal.com/2pcs-1000mah-15v-aa-water-activation-battery-p-136705.html,$2.87,$8.08 ,"Mozilla/5.0 (Windows NT 10.0; Win64; x64) AppleWebKit/537.36 (KHTML, like Gecko) Chrome/76.0.3809.100 Safari/537.36"
"CUBE Talk9X U65GT 9.7"" Android 4.4 Octa-core 3G Tablet Phone ETC-320422",https://web.archive.org/web/20150508183443/http://www.tinydeal.com/cube-talk9x-u65gt-97-android-44-octa-core-3g-tablet-phone-p-131186.html,$178.99,$264.12 ,"Mozilla/5.0 (Windows NT 10.0; Win64; x64) AppleWebKit/537.36 (KHTML, like Gecko) Chrome/76.0.3809.100 Safari/537.36"
"CUBOT S200 5.0"" IPS HD MTK6582 Quad Core Android 4.4.2 3G Phone P05-S200",https://web.archive.org/web/20150508183443/http://www.tinydeal.com/cubot-s200-50-ips-hd-mtk6582-quad-core-android-442-3g-phone-p-140593.html,$100.87,$106.74 ,"Mozilla/5.0 (Windows NT 10.0; Win64; x64) AppleWebKit/537.36 (KHTML, like Gecko) Chrome/76.0.3809.100 Safari/537.36"
"ELEPHONE P3000S 5"" JDI OGS MTK6592 8-Core Android 4.4 4G Phone P05-EPP3000S",https://web.archive.org/web/20150508183443/http://www.tinydeal.com/elephone-p3000s-5-jdi-ogs-mtk6592-8-core-android-44-4g-phone-p-142624.html,$146.78,$293.92 ,"Mozilla/5.0 (Windows NT 10.0; Win64; x64) AppleWebKit/537.36 (KHTML, like Gecko) Chrome/76.0.3809.100 Safari/537.36"
AXGIO 3.5mm Quick Button Smart Klick Key Jack Dustproof Plug EPATH-318605,https://web.archive.org/web/20150508183443/http://www.tinydeal.com/axgio-35mm-quick-button-smart-klick-key-jack-dustproof-plug-p-130544.html,$0.75,$4.71 ,"Mozilla/5.0 (Windows NT 10.0; Win64; x64) AppleWebKit/537.36 (KHTML, like Gecko) Chrome/76.0.3809.100 Safari/537.36"
SAMSUNG Class 10 32GB Micro SDHC UHS-1 TF Card Micro SD Card ATF-136011,https://web.archive.org/web/20150508183443/http://www.tinydeal.com/samsung-class-10-32gb-micro-sdhc-uhs-1-tf-card-micro-sd-card-p-75176.html,$13.31,$35.51 ,"Mozilla/5.0 (Windows NT 10.0; Win64; x64) AppleWebKit/537.36 (KHTML, like Gecko) Chrome/76.0.3809.100 Safari/537.36"
Universal APP Wireless Remote Selfie Shutter f IOS Android Phone EDT-359846,https://web.archive.org/web/20150508183443/http://www.tinydeal.com/universal-app-wireless-remote-selfie-shutter-f-ios-android-phone-p-141471.html,$1.71,$5.63 ,"Mozilla/5.0 (Windows NT 10.0; Win64; x64) AppleWebKit/537.36 (KHTML, like Gecko) Chrome/76.0.3809.100 Safari/537.36"
Stainless Steel Ultralight Folding Portable Credit Card Knife SCH-279023,https://web.archive.org/web/20150508183443/http://www.tinydeal.com/stainless-steel-ultralight-folding-portable-credit-card-knife-p-118694.html,$1.22,$1.65 ,"Mozilla/5.0 (Windows NT 10.0; Win64; x64) AppleWebKit/537.36 (KHTML, like Gecko) Chrome/76.0.3809.100 Safari/537.36"
Gum Strap Touch Screen Unisex LED Digital Watch WUS-166536,https://web.archive.org/web/20150508183443/http://www.tinydeal.com/gum-strap-touch-screen-unisex-led-digital-watch-p-86516.html,$1.62,$2.15 ,"Mozilla/5.0 (Windows NT 10.0; Win64; x64) AppleWebKit/537.36 (KHTML, like Gecko) Chrome/76.0.3809.100 Safari/537.36"
"MLAIS M52 Red Note 5.5"" IPS OGS MTK6752 64-bit 4G LTE Phone P07-MSM52",https://web.archive.org/web/20150508183443/http://www.tinydeal.com/mlais-m52-red-note-55-ips-ogs-mtk6752-64-bit-4g-lte-phone-p-146109.html,$149.99,$169.99 ,"Mozilla/5.0 (Windows NT 10.0; Win64; x64) AppleWebKit/537.36 (KHTML, like Gecko) Chrome/76.0.3809.100 Safari/537.36"
"DOOGEE DG700 4.5"" IPS OGS MTK6582 Android 5.0 Unlocked 3G Phone P05-DG700",https://web.archive.org/web/20150508183443/http://www.tinydeal.com/doogee-dg700-45-ips-ogs-mtk6582-android-50-unlocked-3g-phone-p-141665.html,$133.88,$146.58 ,"Mozilla/5.0 (Windows NT 10.0; Win64; x64) AppleWebKit/537.36 (KHTML, like Gecko) Chrome/76.0.3809.100 Safari/537.36"
Universal Car Air Vent Stand Holder for 2.24 ~ 2.8 Inch Phone RTH-374702,https://web.archive.org/web/20150508183443/http://www.tinydeal.com/universal-car-air-vent-stand-holder-for-224-28-inch-phone-p-145044.html,$2.85,$5.86 ,"Mozilla/5.0 (Windows NT 10.0; Win64; x64) AppleWebKit/537.36 (KHTML, like Gecko) Chrome/76.0.3809.100 Safari/537.36"
Mens Comfy Soft Cotton Modal Boxers Shorts DUW-385342,https://web.archive.org/web/20150508183443/http://www.tinydeal.com/mens-comfy-soft-cotton-modal-boxers-shorts-p-147500.html,$2.07,$2.87 ,"Mozilla/5.0 (Windows NT 10.0; Win64; x64) AppleWebKit/537.36 (KHTML, like Gecko) Chrome/76.0.3809.100 Safari/537.36"
Original Xiaomi Piston 1 Generation 3.5mm In-Ear Earphone Mic EEP-353458,https://web.archive.org/web/20150508183443/http://www.tinydeal.com/original-xiaomi-piston-1-generation-35mm-in-ear-earphone-mic-p-139933.html,$6.91,$16.95 ,"Mozilla/5.0 (Windows NT 10.0; Win64; x64) AppleWebKit/537.36 (KHTML, like Gecko) Chrome/76.0.3809.100 Safari/537.36"
220-240V E27 12W 1100LM 36-LED SMD 5630 LED Corn Bulb HLT-363807,https://web.archive.org/web/20150508183443/http://www.tinydeal.com/220-240v-e27-12w-1100lm-36-led-smd-5630-led-corn-bulb-p-142551.html,$2.75,$3.74 ,"Mozilla/5.0 (Windows NT 10.0; Win64; x64) AppleWebKit/537.36 (KHTML, like Gecko) Chrome/76.0.3809.100 Safari/537.36"
"XIAOMI Redmi 2 4.7"" IPS HD MSM8916 Quad Core MIUI 6 4G LTE Phone P05-AHM2",https://web.archive.org/web/20150508183443/http://www.tinydeal.com/xiaomi-redmi-2-47-ips-hd-msm8916-quad-core-miui-6-4g-lte-phone-p-144567.html,$127.70,$217.79 ,"Mozilla/5.0 (Windows NT 10.0; Win64; x64) AppleWebKit/537.36 (KHTML, like Gecko) Chrome/76.0.3809.100 Safari/537.36"
"JIAYU S3 5.5"" Gorilla Glass MTK6752 64-bit 4G LTE 3GB RAM Phone P05-JYS3G",https://web.archive.org/web/20150508183443/http://www.tinydeal.com/jiayu-s3-55-gorilla-glass-mtk6752-64-bit-4g-lte-3gb-ram-phone-p-146382.html,$199.37,$299.06 ,"Mozilla/5.0 (Windows NT 10.0; Win64; x64) AppleWebKit/537.36 (KHTML, like Gecko) Chrome/76.0.3809.100 Safari/537.36"
"CHUWI Vi8 8"" Win8.1 Android 4.4 Dual OS Z3735F 2G 32GB Tablet PC ETC-373153",https://web.archive.org/web/20150508183443/http://www.tinydeal.com/chuwi-vi8-8-win81-android-44-dual-os-z3735f-2g-32gb-tablet-pc-p-144433.html,$107.99,$154.60 ,"Mozilla/5.0 (Windows NT 10.0; Win64; x64) AppleWebKit/537.36 (KHTML, like Gecko) Chrome/76.0.3809.100 Safari/537.36"
2 x DIY Google Cardboard VR 3D Glass f iPhone Samsung Cellphone KB-346647,https://web.archive.org/web/20150508183443/http://www.tinydeal.com/2-x-diy-google-cardboard-vr-3d-glass-f-iphone-samsung-cellphone-p-137897.html,$4.59,$4.95 ,"Mozilla/5.0 (Windows NT 10.0; Win64; x64) AppleWebKit/537.36 (KHTML, like Gecko) Chrome/76.0.3809.100 Safari/537.36"
Resin Presbyopic Ultra Light Old Mirror Glasses For Men & Women DGS-367641,https://web.archive.org/web/20150508183443/http://www.tinydeal.com/resin-presbyopic-ultra-light-old-mirror-glasses-for-men-women-p-143276.html,$1.17,$5.88 ,"Mozilla/5.0 (Windows NT 10.0; Win64; x64) AppleWebKit/537.36 (KHTML, like Gecko) Chrome/76.0.3809.100 Safari/537.36"
Multifunctional Wallet Ninja Tool Card Outdoor Camping Tool HHI-377416,https://web.archive.org/web/20150508183443/http://www.tinydeal.com/multifunctional-wallet-ninja-tool-card-outdoor-camping-tool-p-145522.html,$1.88,$4.30 ,"Mozilla/5.0 (Windows NT 10.0; Win64; x64) AppleWebKit/537.36 (KHTML, like Gecko) Chrome/76.0.3809.100 Safari/537.36"
16GB USB 2.0 Flash Drive USB Pen Drive U Disk EUD-337405,https://web.archive.org/web/20150508183443/http://www.tinydeal.com/16gb-usb-20-flash-drive-usb-pen-drive-u-disk-p-136203.html,$4.99,$8.25 ,"Mozilla/5.0 (Windows NT 10.0; Win64; x64) AppleWebKit/537.36 (KHTML, like Gecko) Chrome/76.0.3809.100 Safari/537.36"
BK 7ml Neon Fluorescent Nail Polish Nail Art HCIL-211004,https://web.archive.org/web/20150508183443/http://www.tinydeal.com/bk-7ml-neon-fluorescent-nail-polish-nail-art-p-98818.html,$1.20,$1.30 ,"Mozilla/5.0 (Windows NT 10.0; Win64; x64) AppleWebKit/537.36 (KHTML, like Gecko) Chrome/76.0.3809.100 Safari/537.36"
Lokai Silicone Bead Mud Transparent Soft Bracelet - L Size DJA-384698,https://web.archive.org/web/20150508183443/http://www.tinydeal.com/lokai-silicone-bead-mud-transparent-soft-bracelet-l-size-p-147556.html,$2.30,$3.36 ,"Mozilla/5.0 (Windows NT 10.0; Win64; x64) AppleWebKit/537.36 (KHTML, like Gecko) Chrome/76.0.3809.100 Safari/537.36"
Original Silicone Case for Xiaomi 10400mAh Power Bank EBTPH-364528,https://web.archive.org/web/20150508183443/http://www.tinydeal.com/original-silicone-case-for-xiaomi-10400mah-power-bank-p-142782.html,$1.09,$3.65 ,"Mozilla/5.0 (Windows NT 10.0; Win64; x64) AppleWebKit/537.36 (KHTML, like Gecko) Chrome/76.0.3809.100 Safari/537.36"
New Wallet 18 in 1 Multi-purpose Credit Card Size Pocket Camping S-361800,https://web.archive.org/web/20150508183443/http://www.tinydeal.com/new-wallet-18-in-1-multi-purpose-credit-card-size-pocket-camping-p-142429.html,$1.84,$9.75 ,"Mozilla/5.0 (Windows NT 10.0; Win64; x64) AppleWebKit/537.36 (KHTML, like Gecko) Chrome/76.0.3809.100 Safari/537.36"
"ECOO E04 PLUS 5.5"" IPS FHD MTK6752 8-Core Android 4.4 4G Phone P02-3EOE04",https://web.archive.org/web/20150508183443/http://www.tinydeal.com/ecoo-e04-plus-55-ips-fhd-mtk6752-8-core-android-44-4g-phone-p-146999.html,$186.88,$226.63 ,"Mozilla/5.0 (Windows NT 10.0; Win64; x64) AppleWebKit/537.36 (KHTML, like Gecko) Chrome/76.0.3809.100 Safari/537.36"
Bottle Shaped Survival Tool Flint Fire Starter Lighter HUI-112592,https://web.archive.org/web/20150508183443/http://www.tinydeal.com/bottle-shaped-survival-tool-flint-fire-starter-lighter-p-66547.html,$0.97,$1.29 ,"Mozilla/5.0 (Windows NT 10.0; Win64; x64) AppleWebKit/537.36 (KHTML, like Gecko) Chrome/76.0.3809.100 Safari/537.36"
JIA QI TT1005 2CH Infrared Remote Control Helicopter w Gyro RTF  TRC-377753,https://web.archive.org/web/20150508183443/http://www.tinydeal.com/jia-qi-tt1005-2ch-infrared-remote-control-helicopter-w-gyro-rtf-p-145533.html,$8.39,$25.44 ,"Mozilla/5.0 (Windows NT 10.0; Win64; x64) AppleWebKit/537.36 (KHTML, like Gecko) Chrome/76.0.3809.100 Safari/537.36"
DC 12-24V 2.1A/ 1A Dual-USB Car Charger Full Current Car Charger RCG-342553,https://web.archive.org/web/20150508183443/http://www.tinydeal.com/dc-12-24v-21a-1a-dual-usb-car-charger-full-current-car-charger-p-137867.html,$2.55,$3.26 ,"Mozilla/5.0 (Windows NT 10.0; Win64; x64) AppleWebKit/537.36 (KHTML, like Gecko) Chrome/76.0.3809.100 Safari/537.36"
Flip Case with View Window for MLAIS M52 EPASC-382822,https://web.archive.org/web/20150508183443/http://www.tinydeal.com/flip-case-with-view-window-for-mlais-m52-p-147550.html,$4.74,$7.60 ,"Mozilla/5.0 (Windows NT 10.0; Win64; x64) AppleWebKit/537.36 (KHTML, like Gecko) Chrome/76.0.3809.100 Safari/537.36"
S450 3.5mm Foldable Wireless Stereo Bluetooth Headphone w/ TF FM EEP-344468,https://web.archive.org/web/20150508183443/http://www.tinydeal.com/s450-35mm-foldable-wireless-stereo-bluetooth-headphone-w-tf-fm-p-138015.html,$12.78,$26.33 ,"Mozilla/5.0 (Windows NT 10.0; Win64; x64) AppleWebKit/537.36 (KHTML, like Gecko) Chrome/76.0.3809.100 Safari/537.36"
6g Mineral Mud Charcoal Anti-Blackhead Nose Mask BCI-276847,https://web.archive.org/web/20150508183443/http://www.tinydeal.com/6g-mineral-mud-charcoal-anti-blackhead-nose-mask-p-118631.html,$0.70,$0.96 ,"Mozilla/5.0 (Windows NT 10.0; Win64; x64) AppleWebKit/537.36 (KHTML, like Gecko) Chrome/76.0.3809.100 Safari/537.36"
8GB USB 2.0 Flash Drive USB Pen Drive U Disk EUD-337404,https://web.archive.org/web/20150508183443/http://www.tinydeal.com/8gb-usb-20-flash-drive-usb-pen-drive-u-disk-p-136202.html,$3.38,$4.78 ,"Mozilla/5.0 (Windows NT 10.0; Win64; x64) AppleWebKit/537.36 (KHTML, like Gecko) Chrome/76.0.3809.100 Safari/537.36"
0.3mm Ultra-thin Tempered Glass Screen Protector for iPhone 6 EPASP-339285,https://web.archive.org/web/20150508183443/http://www.tinydeal.com/03mm-ultra-thin-tempered-glass-screen-protector-for-iphone-6-p-136465.html,$2.64,$3.54 ,"Mozilla/5.0 (Windows NT 10.0; Win64; x64) AppleWebKit/537.36 (KHTML, like Gecko) Chrome/76.0.3809.100 Safari/537.36"
Temperature Sensitive LED Faucet Light 3-Color Change HLI-135323,https://web.archive.org/web/20150508183443/http://www.tinydeal.com/temperature-sensitive-led-faucet-light-3-color-change-p-75236.html,$2.74,$3.04 ,"Mozilla/5.0 (Windows NT 10.0; Win64; x64) AppleWebKit/537.36 (KHTML, like Gecko) Chrome/76.0.3809.100 Safari/537.36"
Syma X5C-1 4CH 2.4GHz RC Quadcopter 2MP Camera & 4 Batteries KB-375119,https://web.archive.org/web/20150508183443/http://www.tinydeal.com/syma-x5c-1-4ch-24ghz-rc-quadcopter-2mp-camera-4-batteries-p-145050.html,$66.16,$78.82 ,"Mozilla/5.0 (Windows NT 10.0; Win64; x64) AppleWebKit/537.36 (KHTML, like Gecko) Chrome/76.0.3809.100 Safari/537.36"
ZO7-600 Selfie Monopod Bluetooth Remote Shutter Suite EVATP-365686,https://web.archive.org/web/20150508183443/http://www.tinydeal.com/zo7-600-selfie-monopod-bluetooth-remote-shutter-suite-p-142968.html,$7.49,$10.19 ,"Mozilla/5.0 (Windows NT 10.0; Win64; x64) AppleWebKit/537.36 (KHTML, like Gecko) Chrome/76.0.3809.100 Safari/537.36"
"MLAIS M52 Red Note 5.5"" IPS OGS MTK6752 64-bit 4G LTE Phone P05-MSM52",https://web.archive.org/web/20150508183443/http://www.tinydeal.com/mlais-m52-red-note-55-ips-ogs-mtk6752-64-bit-4g-lte-phone-p-146469.html,$149.99,$169.99 ,"Mozilla/5.0 (Windows NT 10.0; Win64; x64) AppleWebKit/537.36 (KHTML, like Gecko) Chrome/76.0.3809.100 Safari/537.36"
12 Hole Ocarina Ceramic Alto C Legend of Zelda  Ocarina Flute TMI-345922,https://web.archive.org/web/20150508183443/http://www.tinydeal.com/12-hole-ocarina-ceramic-alto-legend-of-zelda-ocarina-flute-p-138101.html,$11.91,$22.51 ,"Mozilla/5.0 (Windows NT 10.0; Win64; x64) AppleWebKit/537.36 (KHTML, like Gecko) Chrome/76.0.3809.100 Safari/537.36"
Waterproof Bluetooth V3.0 Shower Hands-free Mic Suction Speaker HHITH-358825,https://web.archive.org/web/20150508183443/http://www.tinydeal.com/waterproof-bluetooth-v30-shower-hands-free-mic-suction-speaker-p-141169.html,$8.99,$17.67 ,"Mozilla/5.0 (Windows NT 10.0; Win64; x64) AppleWebKit/537.36 (KHTML, like Gecko) Chrome/76.0.3809.100 Safari/537.36"
"ONDA V820w 8"" Dual OS Z3735F 2GB 32GB Tablet PC w/ Bluetooth ETC-370746",https://web.archive.org/web/20150508183443/http://www.tinydeal.com/onda-v820w-8-dual-os-z3735f-2gb-32gb-tablet-pc-w-bluetooth-p-143966.html,$99.99,$152.00 ,"Mozilla/5.0 (Windows NT 10.0; Win64; x64) AppleWebKit/537.36 (KHTML, like Gecko) Chrome/76.0.3809.100 Safari/537.36"
"TECLAST X98 Air 3G 9.7"" Dual OS 2GB 64GB 3G Tablet + Case + Film KB-376841",https://web.archive.org/web/20150508183443/http://www.tinydeal.com/teclast-x98-air-3g-97-dual-os-2gb-64gb-3g-tablet-case-film-p-145505.html,$239.99,$330.21 ,"Mozilla/5.0 (Windows NT 10.0; Win64; x64) AppleWebKit/537.36 (KHTML, like Gecko) Chrome/76.0.3809.100 Safari/537.36"
MANNER Rubber Air Inflation Boats Accessories Bag Carriers For 4 STH-373880,https://web.archive.org/web/20150508183443/http://www.tinydeal.com/manner-rubber-air-inflation-boats-accessories-bag-carriers-for-4-p-144543.html,$12.79,$24.32 ,"Mozilla/5.0 (Windows NT 10.0; Win64; x64) AppleWebKit/537.36 (KHTML, like Gecko) Chrome/76.0.3809.100 Safari/537.36"
"TIMMY E86 5.5"" IPS HD Android 4.4 MTK6582 Quad Core 3G Phone P05-TME86",https://web.archive.org/web/20150508183443/http://www.tinydeal.com/timmy-e86-55-ips-hd-android-44-mtk6582-quad-core-3g-phone-p-145326.html,$80.42,$87.20 ,"Mozilla/5.0 (Windows NT 10.0; Win64; x64) AppleWebKit/537.36 (KHTML, like Gecko) Chrome/76.0.3809.100 Safari/537.36"
0.4mm Tempered Glass Screen Protector for iPhone 5s 5c 5 EPASP-324041,https://web.archive.org/web/20150508183443/http://www.tinydeal.com/04mm-tempered-glass-screen-protector-for-iphone-5s-5c-5-p-132751.html,$1.79,$4.67 ,"Mozilla/5.0 (Windows NT 10.0; Win64; x64) AppleWebKit/537.36 (KHTML, like Gecko) Chrome/76.0.3809.100 Safari/537.36"
"DOOGEE VOYAGER2 DG310 5"" IPS MTK6582 4-Core Anroid4.4 3G Phone P07-DG310",https://web.archive.org/web/20150510020627/http://www.tinydeal.com/it/doogee-voyager2-dg310-5-ips-mtk6582-4-core-anroid44-3g-phone-p-132817.html,$75.23,$97.70 ,"Mozilla/5.0 (Windows NT 10.0; Win64; x64) AppleWebKit/537.36 (KHTML, like Gecko) Chrome/76.0.3809.100 Safari/537.36"
MANNER Rubber Air Inflation Boats Accessories Bag Carriers For 4 STH-373880,https://web.archive.org/web/20150510020627/http://www.tinydeal.com/it/manner-rubber-air-inflation-boats-accessories-bag-carriers-for-4-p-144543.html,$12.79,$24.32 ,"Mozilla/5.0 (Windows NT 10.0; Win64; x64) AppleWebKit/537.36 (KHTML, like Gecko) Chrome/76.0.3809.100 Safari/537.36"
0.4mm Tempered Glass Screen Protector for iPhone 5s 5c 5 EPASP-324041,https://web.archive.org/web/20150510020627/http://www.tinydeal.com/it/04mm-tempered-glass-screen-protector-for-iphone-5s-5c-5-p-132751.html,$1.79,$4.67 ,"Mozilla/5.0 (Windows NT 10.0; Win64; x64) AppleWebKit/537.36 (KHTML, like Gecko) Chrome/76.0.3809.100 Safari/537.36"
"AOSON M1016 10.1"" Android 4.4 A31S Tablet PC w/ Miracast + Case KB-378543",https://web.archive.org/web/20150510020627/http://www.tinydeal.com/it/aoson-m1016-101-android-44-a31s-tablet-pc-w-miracast-case-p-146208.html,$94.99,$224.61 ,"Mozilla/5.0 (Windows NT 10.0; Win64; x64) AppleWebKit/537.36 (KHTML, like Gecko) Chrome/76.0.3809.100 Safari/537.36"
Bathroom Logo Pattern Wall Sticker Toilet WC Paper Sticker Decal HHIDI-352692,https://web.archive.org/web/20150510020627/http://www.tinydeal.com/it/bathroom-logo-pattern-wall-sticker-toilet-wc-paper-sticker-decal-p-139800.html,$1.90,$3.40 ,"Mozilla/5.0 (Windows NT 10.0; Win64; x64) AppleWebKit/537.36 (KHTML, like Gecko) Chrome/76.0.3809.100 Safari/537.36"
0.3mm Tempered Glass Screen Front Protector for OnePlus EPASP-386548,https://web.archive.org/web/20150510020627/http://www.tinydeal.com/it/03mm-tempered-glass-screen-front-protector-for-oneplus-p-147904.html,$2.40,$2.95 ,"Mozilla/5.0 (Windows NT 10.0; Win64; x64) AppleWebKit/537.36 (KHTML, like Gecko) Chrome/76.0.3809.100 Safari/537.36"
Simplified Package 30X Cell Phone Microscope with LED Light TCT-370279,https://web.archive.org/web/20150510020627/http://www.tinydeal.com/it/simplified-package-30x-cell-phone-microscope-with-led-light-p-144160.html,$3.72,$13.11 ,"Mozilla/5.0 (Windows NT 10.0; Win64; x64) AppleWebKit/537.36 (KHTML, like Gecko) Chrome/76.0.3809.100 Safari/537.36"
"ELEPHONE P6000 5"" OGS Android 4.4.4 MTK6732 4-Core 4G LTE Phone P05-EPP6000",https://web.archive.org/web/20150510020627/http://www.tinydeal.com/it/elephone-p6000-5-ogs-android-444-mtk6732-4-core-4g-lte-phone-p-142203.html,$124.89,$167.33 ,"Mozilla/5.0 (Windows NT 10.0; Win64; x64) AppleWebKit/537.36 (KHTML, like Gecko) Chrome/76.0.3809.100 Safari/537.36"
IMAX 6 Black DIY Google Cardboard with User Manual Printed Gift EPATH-377374,https://web.archive.org/web/20150510020627/http://www.tinydeal.com/it/imax-6-black-diy-google-cardboard-with-user-manual-printed-gift-p-146092.html,$6.25,$8.48 ,"Mozilla/5.0 (Windows NT 10.0; Win64; x64) AppleWebKit/537.36 (KHTML, like Gecko) Chrome/76.0.3809.100 Safari/537.36"
"RITECH Virtual Reality 3D Glasses for 3.5-5.6"" Smartphones  EPATH-370295",https://web.archive.org/web/20150510020627/http://www.tinydeal.com/it/ritech-virtual-reality-3d-glasses-for-35-56-smartphones-p-144029.html,$9.62,$26.36 ,"Mozilla/5.0 (Windows NT 10.0; Win64; x64) AppleWebKit/537.36 (KHTML, like Gecko) Chrome/76.0.3809.100 Safari/537.36"
"LAUDE PULSE S800 5 ""QHD MTK6582 Quad Core Android 4.4.2 3G Phone P05-S800",https://web.archive.org/web/20150510020627/http://www.tinydeal.com/it/laude-pulse-s800-5-qhd-mtk6582-quad-core-android-442-3g-phone-p-134261.html,$81.88,$116.82 ,"Mozilla/5.0 (Windows NT 10.0; Win64; x64) AppleWebKit/537.36 (KHTML, like Gecko) Chrome/76.0.3809.100 Safari/537.36"
"SJ6000 2"" LCD WiFi 14.0MP 170° Lens Waterproof Sport DV ECM-340984",https://web.archive.org/web/20150510020627/http://www.tinydeal.com/it/sj6000-2-lcd-wifi-140mp-170°-lens-waterproof-sport-dv-p-137566.html,$88.32,$138.88 ,"Mozilla/5.0 (Windows NT 10.0; Win64; x64) AppleWebKit/537.36 (KHTML, like Gecko) Chrome/76.0.3809.100 Safari/537.36"
Original Xiaomi Ultrathin 5000mAh Polymer Power Bank  EBTPH-361221,https://web.archive.org/web/20150510020627/http://www.tinydeal.com/it/original-xiaomi-ultrathin-5000mah-polymer-power-bank-p-141662.html,$13.40,$18.88 ,"Mozilla/5.0 (Windows NT 10.0; Win64; x64) AppleWebKit/537.36 (KHTML, like Gecko) Chrome/76.0.3809.100 Safari/537.36"
"Q88 7"" Android 4.2.2 A23 Dual-core 4GB Tablet PC w/ CPU 1.5GHz ETC-349271",https://web.archive.org/web/20150510020627/http://www.tinydeal.com/it/q88-7-android-422-a23-dual-core-4gb-tablet-pc-w-cpu-15ghz-p-138540.html,$36.99,$40.58 ,"Mozilla/5.0 (Windows NT 10.0; Win64; x64) AppleWebKit/537.36 (KHTML, like Gecko) Chrome/76.0.3809.100 Safari/537.36"
12V G4 3W 400LM 24-LED SMD 2835 LED Light Bulb HLD-252005,https://web.archive.org/web/20150510020627/http://www.tinydeal.com/it/12v-g4-3w-400lm-24-led-smd-2835-led-light-bulb-p-111786.html,$1.92,$2.58 ,"Mozilla/5.0 (Windows NT 10.0; Win64; x64) AppleWebKit/537.36 (KHTML, like Gecko) Chrome/76.0.3809.100 Safari/537.36"
"KINGZONE Z1 5.5"" JDI HD Android 4.4 MTK6752 64-bit 4G LTE Phone P089-KZZ1",https://web.archive.org/web/20150510020627/http://www.tinydeal.com/it/kingzone-z1-55-jdi-hd-android-44-mtk6752-64-bit-4g-lte-phone-p-146391.html,$194.99,$238.13 ,"Mozilla/5.0 (Windows NT 10.0; Win64; x64) AppleWebKit/537.36 (KHTML, like Gecko) Chrome/76.0.3809.100 Safari/537.36"
"THL T6 Pro 5"" IPS HD MTK6592M Octa Core Android 4.4 3G Phone P05-T6SJ",https://web.archive.org/web/20150510020627/http://www.tinydeal.com/it/thl-t6-pro-5-ips-hd-mtk6592m-octa-core-android-44-3g-phone-p-137498.html,$99.88,$114.59 ,"Mozilla/5.0 (Windows NT 10.0; Win64; x64) AppleWebKit/537.36 (KHTML, like Gecko) Chrome/76.0.3809.100 Safari/537.36"
3-in-1 Gift Pack for Elephone P3000s EPATH-374699,https://web.archive.org/web/20150510020627/http://www.tinydeal.com/it/3-in-1-gift-pack-for-elephone-p3000s-p-148720.html,$1.29,$1.41 ,"Mozilla/5.0 (Windows NT 10.0; Win64; x64) AppleWebKit/537.36 (KHTML, like Gecko) Chrome/76.0.3809.100 Safari/537.36"
XiaoMi 2nd 150Mbps Mini USB Wifi Wireless Router  ECAHP-279362,https://web.archive.org/web/20150510020627/http://www.tinydeal.com/it/xiaomi-2nd-150mbps-mini-usb-wifi-wireless-router-p-119341.html,$4.04,$10.62 ,"Mozilla/5.0 (Windows NT 10.0; Win64; x64) AppleWebKit/537.36 (KHTML, like Gecko) Chrome/76.0.3809.100 Safari/537.36"
Summer Sports/Outdoor Patchwork Sexy Tankini Bikini DSW-332562,https://web.archive.org/web/20150510020627/http://www.tinydeal.com/it/summer-sportsoutdoor-patchwork-sexy-tankini-bikini-p-134511.html,$7.15,$11.42 ,"Mozilla/5.0 (Windows NT 10.0; Win64; x64) AppleWebKit/537.36 (KHTML, like Gecko) Chrome/76.0.3809.100 Safari/537.36"
"Laude 7"" IPS RK3026 Dual-core 8GB Kid Tablet w/ WiFi ETC-273380",https://web.archive.org/web/20150510020627/http://www.tinydeal.com/it/laude-7-ips-rk3026-dual-core-8gb-kid-tablet-w-wifi-p-117020.html,$57.48,$120.72 ,"Mozilla/5.0 (Windows NT 10.0; Win64; x64) AppleWebKit/537.36 (KHTML, like Gecko) Chrome/76.0.3809.100 Safari/537.36"
"ELEPHONE P3000S 5"" JDI OGS MTK6592 8-Core Android 4.4 4G Phone P07-EPP3000S",https://web.archive.org/web/20150510020627/http://www.tinydeal.com/it/elephone-p3000s-5-jdi-ogs-mtk6592-8-core-android-44-4g-phone-p-142623.html,$148.65,$297.66 ,"Mozilla/5.0 (Windows NT 10.0; Win64; x64) AppleWebKit/537.36 (KHTML, like Gecko) Chrome/76.0.3809.100 Safari/537.36"
200pcs Seven Colors Strawberry Seeds Fruits Plant Seeds TDS-378193,https://web.archive.org/web/20150510020627/http://www.tinydeal.com/it/200pcs-seven-colors-strawberry-seeds-fruits-plant-seeds-p-146015.html,$0.99,$1.37 ,"Mozilla/5.0 (Windows NT 10.0; Win64; x64) AppleWebKit/537.36 (KHTML, like Gecko) Chrome/76.0.3809.100 Safari/537.36"
CURREN Brand Design Business Style Sub-dials Quartz Men Watch WWT-377388,https://web.archive.org/web/20150510020627/http://www.tinydeal.com/it/curren-brand-design-business-style-sub-dials-quartz-men-watch-p-145742.html,$8.39,$38.05 ,"Mozilla/5.0 (Windows NT 10.0; Win64; x64) AppleWebKit/537.36 (KHTML, like Gecko) Chrome/76.0.3809.100 Safari/537.36"
Fashion New Xiaomi MiBand + Replacement Silicone Miband Bracelet KB-362712,https://web.archive.org/web/20150510020627/http://www.tinydeal.com/it/fashion-new-xiaomi-miband-replacement-silicone-miband-bracelet-p-142089.html,$18.61,$19.59 ,"Mozilla/5.0 (Windows NT 10.0; Win64; x64) AppleWebKit/537.36 (KHTML, like Gecko) Chrome/76.0.3809.100 Safari/537.36"
Multifunction LED Reading Glasses Eyeglass Spectacle with Lamp HHI-374123,https://web.archive.org/web/20150510020627/http://www.tinydeal.com/it/multifunction-led-reading-glasses-eyeglass-spectacle-with-lamp-p-144737.html,$2.40,$7.39 ,"Mozilla/5.0 (Windows NT 10.0; Win64; x64) AppleWebKit/537.36 (KHTML, like Gecko) Chrome/76.0.3809.100 Safari/537.36"
Sports Armband Case Cover for 4~5.3 inch Cellphones EPASC-298392,https://web.archive.org/web/20150510020627/http://www.tinydeal.com/it/sports-armband-case-cover-for-453-inch-cellphones-p-125745.html,$3.02,$3.05 ,"Mozilla/5.0 (Windows NT 10.0; Win64; x64) AppleWebKit/537.36 (KHTML, like Gecko) Chrome/76.0.3809.100 Safari/537.36"
"SJ4000 12MP 1080P FHD 1.5"" LCD Waterpoof Helmet Sports DV EVC-284694",https://web.archive.org/web/20150510020627/http://www.tinydeal.com/it/sj4000-12mp-1080p-fhd-15-lcd-waterpoof-helmet-sports-dv-p-121698.html,$60.75,$82.38 ,"Mozilla/5.0 (Windows NT 10.0; Win64; x64) AppleWebKit/537.36 (KHTML, like Gecko) Chrome/76.0.3809.100 Safari/537.36"
Chiffon Blue and White Porcelain Women's National style Scarves DCD-312634,https://web.archive.org/web/20150510020627/http://www.tinydeal.com/it/chiffon-blue-and-white-porcelain-womens-national-style-scarves-p-128868.html,$1.82,$16.60 ,"Mozilla/5.0 (Windows NT 10.0; Win64; x64) AppleWebKit/537.36 (KHTML, like Gecko) Chrome/76.0.3809.100 Safari/537.36"
Cycling Sports/Outdoor Terry Patchwork Face Mask DHA-286850,https://web.archive.org/web/20150510020627/http://www.tinydeal.com/it/cycling-sportsoutdoor-terry-patchwork-face-mask-p-121020.html,$2.72,$3.65 ,"Mozilla/5.0 (Windows NT 10.0; Win64; x64) AppleWebKit/537.36 (KHTML, like Gecko) Chrome/76.0.3809.100 Safari/537.36"
"TECLAST X98 Air 3G 9.7"" Windows 8.1 Atom Z3736F 3G Tablet PC ETC-350802",https://web.archive.org/web/20150510020627/http://www.tinydeal.com/it/teclast-x98-air-3g-97-windows-81-atom-z3736f-3g-tablet-pc-p-139027.html,$191.99,$441.63 ,"Mozilla/5.0 (Windows NT 10.0; Win64; x64) AppleWebKit/537.36 (KHTML, like Gecko) Chrome/76.0.3809.100 Safari/537.36"
"GT08 1.5"" 2.5D OGS HD Screen Dialer NFC Watch Phone P05-WGT08",https://web.archive.org/web/20150510020627/http://www.tinydeal.com/it/gt08-15-25d-ogs-hd-screen-dialer-nfc-watch-phone-p-146651.html,$59.28,$98.81 ,"Mozilla/5.0 (Windows NT 10.0; Win64; x64) AppleWebKit/537.36 (KHTML, like Gecko) Chrome/76.0.3809.100 Safari/537.36"
Free Style Back Hooking Sport MP3 FM Radio with TF Card Slot EMP-337670,https://web.archive.org/web/20150510020627/http://www.tinydeal.com/it/free-style-back-hooking-sport-mp3-fm-radio-with-tf-card-slot-p-136605.html,$4.36,$5.33 ,"Mozilla/5.0 (Windows NT 10.0; Win64; x64) AppleWebKit/537.36 (KHTML, like Gecko) Chrome/76.0.3809.100 Safari/537.36"
Quick-drying COOLMAX Microfiber Travel Towel Outdoor Cycling SBK-335226,https://web.archive.org/web/20150510020627/http://www.tinydeal.com/it/quick-drying-coolmax-microfiber-travel-towel-outdoor-cycling-p-135671.html,$3.44,$8.47 ,"Mozilla/5.0 (Windows NT 10.0; Win64; x64) AppleWebKit/537.36 (KHTML, like Gecko) Chrome/76.0.3809.100 Safari/537.36"
In-Car Handsfree Talk 3.5mm Car FM Transmitter f Smartphone RFM-224262,https://web.archive.org/web/20150510020627/http://www.tinydeal.com/it/in-car-handsfree-talk-35mm-car-fm-transmitter-f-smartphone-p-102805.html,$4.73,$7.64 ,"Mozilla/5.0 (Windows NT 10.0; Win64; x64) AppleWebKit/537.36 (KHTML, like Gecko) Chrome/76.0.3809.100 Safari/537.36"
"CUBOT X9 5"" IPS HD MTK6592M Octa Core Android 4.4 3G Phone P04-CUX9",https://web.archive.org/web/20150510020627/http://www.tinydeal.com/it/cubot-x9-5-ips-hd-mtk6592m-octa-core-android-44-3g-phone-p-142339.html,$138.70,$148.61 ,"Mozilla/5.0 (Windows NT 10.0; Win64; x64) AppleWebKit/537.36 (KHTML, like Gecko) Chrome/76.0.3809.100 Safari/537.36"
Teeth Whitening Pen Tooth Brightening Pen Cleaner Brush HBI-113105,https://web.archive.org/web/20150510020627/http://www.tinydeal.com/it/teeth-whitening-pen-tooth-brightening-pen-cleaner-brush-p-66709.html,$1.86,$4.39 ,"Mozilla/5.0 (Windows NT 10.0; Win64; x64) AppleWebKit/537.36 (KHTML, like Gecko) Chrome/76.0.3809.100 Safari/537.36"
3D Creative Quick Drying Big Mouth Long Sleeve Cycling Jersey DCD-351694,https://web.archive.org/web/20150510020627/http://www.tinydeal.com/it/3d-creative-quick-drying-big-mouth-long-sleeve-cycling-jersey-p-139457.html,$13.91,$35.89 ,"Mozilla/5.0 (Windows NT 10.0; Win64; x64) AppleWebKit/537.36 (KHTML, like Gecko) Chrome/76.0.3809.100 Safari/537.36"
Cute Mustache Baby Pacifier Dummy Beard Nipples Infant Pacifier HHICB-372968,https://web.archive.org/web/20150510020627/http://www.tinydeal.com/it/cute-mustache-baby-pacifier-dummy-beard-nipples-infant-pacifier-p-144603.html,$2.69,$3.49 ,"Mozilla/5.0 (Windows NT 10.0; Win64; x64) AppleWebKit/537.36 (KHTML, like Gecko) Chrome/76.0.3809.100 Safari/537.36"
"ONDA V891 8.9"" Dual OS Z3735F 2GB 32GB Tablet PC w/ Bluetooth ETC-386383",https://web.archive.org/web/20150510020627/http://www.tinydeal.com/it/onda-v891-89-dual-os-z3735f-2gb-32gb-tablet-pc-w-bluetooth-p-147733.html,$122.99,$240.09 ,"Mozilla/5.0 (Windows NT 10.0; Win64; x64) AppleWebKit/537.36 (KHTML, like Gecko) Chrome/76.0.3809.100 Safari/537.36"
Bag Animal Zaino Canvas Scuola bello per i bambini DBA-292072,https://web.archive.org/web/20150510020627/http://www.tinydeal.com/it/lovely-canvas-animal-bag-backpack-school-bag-for-children-baby-p-122607.html,$6.79,$8.21 ,"Mozilla/5.0 (Windows NT 10.0; Win64; x64) AppleWebKit/537.36 (KHTML, like Gecko) Chrome/76.0.3809.100 Safari/537.36"
127cm x 30cm DIY 3D Carbon Fiber Vinyl Film Wrap Sticker for Car RFS-226704,https://web.archive.org/web/20150510020627/http://www.tinydeal.com/it/127cm-x-30cm-diy-3d-carbon-fiber-vinyl-film-wrap-sticker-for-car-p-103686.html,$2.99,$3.60 ,"Mozilla/5.0 (Windows NT 10.0; Win64; x64) AppleWebKit/537.36 (KHTML, like Gecko) Chrome/76.0.3809.100 Safari/537.36"
"PIPO W2F 8"" Windows 8.1 Atom Z3735F Tablet PC w/ Bluetooth 4.0 ETC-357454",https://web.archive.org/web/20150510020627/http://www.tinydeal.com/it/pipo-w2f-8-windows-81-atom-z3735f-tablet-pc-w-bluetooth-40-p-140654.html,$106.58,$280.99 ,"Mozilla/5.0 (Windows NT 10.0; Win64; x64) AppleWebKit/537.36 (KHTML, like Gecko) Chrome/76.0.3809.100 Safari/537.36"
Professional 40m Waterproof Case Xiaomi Yi Sports Camera EVATH-387322,https://web.archive.org/web/20150510020627/http://www.tinydeal.com/it/professional-40m-waterproof-case-xiaomi-yi-sports-camera-p-148012.html,$21.42,$26.66 ,"Mozilla/5.0 (Windows NT 10.0; Win64; x64) AppleWebKit/537.36 (KHTML, like Gecko) Chrome/76.0.3809.100 Safari/537.36"
0.3mm Tempered Glass Screen Protector for Moto G EPASP-383317,https://web.archive.org/web/20150510020627/http://www.tinydeal.com/it/03mm-tempered-glass-screen-protector-for-moto-g-p-147232.html,$1.81,$2.38 ,"Mozilla/5.0 (Windows NT 10.0; Win64; x64) AppleWebKit/537.36 (KHTML, like Gecko) Chrome/76.0.3809.100 Safari/537.36"
Sports Wireless Bluetooth V3.0 Music Headsets Headphones w/ Mic EEP-312374,https://web.archive.org/web/20150510020627/http://www.tinydeal.com/it/sports-wireless-bluetooth-v30-music-headsets-headphones-w-mic-p-129239.html,$8.56,$10.62 ,"Mozilla/5.0 (Windows NT 10.0; Win64; x64) AppleWebKit/537.36 (KHTML, like Gecko) Chrome/76.0.3809.100 Safari/537.36"
"THL T6S 5.0"" JDI Screen MTK6582 Quad Core Android4.4.2 3G Phone P07-T6S",https://web.archive.org/web/20150510020627/http://www.tinydeal.com/it/thl-t6s-50-jdi-screen-mtk6582-quad-core-android442-3g-phone-p-133760.html,$75.88,$88.00 ,"Mozilla/5.0 (Windows NT 10.0; Win64; x64) AppleWebKit/537.36 (KHTML, like Gecko) Chrome/76.0.3809.100 Safari/537.36"
Hollow Leaf Bud Shape Necklace & Earrings with Rhinestones KB-358682,https://web.archive.org/web/20150510020627/http://www.tinydeal.com/it/hollow-leaf-bud-shape-necklace-earrings-with-rhinestones-p-140955.html,$1.86,$2.11 ,"Mozilla/5.0 (Windows NT 10.0; Win64; x64) AppleWebKit/537.36 (KHTML, like Gecko) Chrome/76.0.3809.100 Safari/537.36"
Original Xiaomi 16000mAh 2.1A Alloy Power Bank Battery Pack EBTPH-357960,https://web.archive.org/web/20150510020627/http://www.tinydeal.com/it/original-xiaomi-16000mah-21a-alloy-power-bank-battery-pack-p-140856.html,$27.00,$35.53 ,"Mozilla/5.0 (Windows NT 10.0; Win64; x64) AppleWebKit/537.36 (KHTML, like Gecko) Chrome/76.0.3809.100 Safari/537.36"
WLtoys V686G 4CH 5.8GHz RC Quadcopter 2MP Camera Headless Mode TRC-374668,https://web.archive.org/web/20150510020627/http://www.tinydeal.com/it/wltoys-v686g-4ch-58ghz-rc-quadcopter-2mp-camera-headless-mode-p-144902.html,$103.38,$191.53 ,"Mozilla/5.0 (Windows NT 10.0; Win64; x64) AppleWebKit/537.36 (KHTML, like Gecko) Chrome/76.0.3809.100 Safari/537.36"
Micro USB DVB-T ISDB-T Digital Mobile Streamer ez TV Tuner ETA-382787,https://web.archive.org/web/20150510020627/http://www.tinydeal.com/it/micro-usb-dvb-t-isdb-t-digital-mobile-streamer-ez-tv-tuner-p-147163.html,$19.99,$23.99 ,"Mozilla/5.0 (Windows NT 10.0; Win64; x64) AppleWebKit/537.36 (KHTML, like Gecko) Chrome/76.0.3809.100 Safari/537.36"
"CUBOT S200 5.0"" IPS HD MTK6582 Quad Core Android 4.4.2 3G Phone P07-S200",https://web.archive.org/web/20150510020627/http://www.tinydeal.com/it/cubot-s200-50-ips-hd-mtk6582-quad-core-android-442-3g-phone-p-140592.html,$100.97,$106.85 ,"Mozilla/5.0 (Windows NT 10.0; Win64; x64) AppleWebKit/537.36 (KHTML, like Gecko) Chrome/76.0.3809.100 Safari/537.36"
"TECLAST X98 Air 3G 9.7"" Dual OS Z3736F 64GB 3G +Keyboard+Film KB-386770",https://web.archive.org/web/20150510020627/http://www.tinydeal.com/it/teclast-x98-air-3g-97-dual-os-z3736f-64gb-3g-keyboardfilm-p-147779.html,$261.99,$343.09 ,"Mozilla/5.0 (Windows NT 10.0; Win64; x64) AppleWebKit/537.36 (KHTML, like Gecko) Chrome/76.0.3809.100 Safari/537.36"
Original Xiaomi Ants Smart Webcam Wireless Control with App SCM-361254,https://web.archive.org/web/20150510020627/http://www.tinydeal.com/it/original-xiaomi-ants-smart-webcam-wireless-control-with-app-p-142032.html,$35.15,$79.31 ,"Mozilla/5.0 (Windows NT 10.0; Win64; x64) AppleWebKit/537.36 (KHTML, like Gecko) Chrome/76.0.3809.100 Safari/537.36"
Android 4.4 8G Quad Core H.265 4K TV Box w WiFi/ Bluetooth/XBMC  ETATH-298010,https://web.archive.org/web/20150510020627/http://www.tinydeal.com/it/android-44-8g-quad-core-h265-4k-tv-box-w-wifi-bluetoothxbmc-p-125539.html,$72.33,$120.61 ,"Mozilla/5.0 (Windows NT 10.0; Win64; x64) AppleWebKit/537.36 (KHTML, like Gecko) Chrome/76.0.3809.100 Safari/537.36"
Mini 3 USB Output Car Charger Universal 5.1A Charger  RCG-357720,https://web.archive.org/web/20150510020627/http://www.tinydeal.com/it/mini-3-usb-output-car-charger-universal-51a-charger-p-141372.html,$2.00,$5.72 ,"Mozilla/5.0 (Windows NT 10.0; Win64; x64) AppleWebKit/537.36 (KHTML, like Gecko) Chrome/76.0.3809.100 Safari/537.36"
Protective Silicone Back Case Cover for Apple iPhone 5c MSC-246142,https://web.archive.org/web/20150424051750/http://www.tinydeal.com/it/protective-silicone-back-case-cover-for-apple-iphone-5c-p-109621.html,1.37€,1.49€ ,"Mozilla/5.0 (Windows NT 10.0; Win64; x64) AppleWebKit/537.36 (KHTML, like Gecko) Chrome/76.0.3809.100 Safari/537.36"
DIY Google Cardboard Virtual Reality 3D Glasses w NFC Headband EDC-343254,https://web.archive.org/web/20150424051750/http://www.tinydeal.com/it/diy-google-cardboard-virtual-reality-3d-glasses-w-nfc-headband-p-137359.html,4.22€,4.40€ ,"Mozilla/5.0 (Windows NT 10.0; Win64; x64) AppleWebKit/537.36 (KHTML, like Gecko) Chrome/76.0.3809.100 Safari/537.36"
Xiaomi Pistons In-ear Earphone with Mic for Cellphones Tablets EEP-355900,https://web.archive.org/web/20150424051750/http://www.tinydeal.com/it/xiaomi-pistons-in-ear-earphone-with-mic-for-cellphones-tablets-p-140494.html,16.05€,23.19€ ,"Mozilla/5.0 (Windows NT 10.0; Win64; x64) AppleWebKit/537.36 (KHTML, like Gecko) Chrome/76.0.3809.100 Safari/537.36"
Baofeng Storm II Virtual Reality Adjustable 3D Glasses w Gampad E-377218,https://web.archive.org/web/20150424051750/http://www.tinydeal.com/it/baofeng-storm-ii-virtual-reality-adjustable-3d-glasses-w-gampad-p-145390.html,37.84€,44.52€ ,"Mozilla/5.0 (Windows NT 10.0; Win64; x64) AppleWebKit/537.36 (KHTML, like Gecko) Chrome/76.0.3809.100 Safari/537.36"
Cheerson CX-10A 4CH 3D Flip Headless 2.4G RC Quadcopter w 6-Axis TRC-366607,https://web.archive.org/web/20150424051750/http://www.tinydeal.com/it/cheerson-cx-10a-4ch-3d-flip-headless-24g-rc-quadcopter-w-6-axis-p-143048.html,15.49€,21.77€ ,"Mozilla/5.0 (Windows NT 10.0; Win64; x64) AppleWebKit/537.36 (KHTML, like Gecko) Chrome/76.0.3809.100 Safari/537.36"
Women Crew Neck Flounced Sleeve After Open Collar Chiffon Shirt DCD-379145,https://web.archive.org/web/20150424051750/http://www.tinydeal.com/it/women-crew-neck-flounced-sleeve-after-open-collar-chiffon-shirt-p-146230.html,3.48€,4.44€ ,"Mozilla/5.0 (Windows NT 10.0; Win64; x64) AppleWebKit/537.36 (KHTML, like Gecko) Chrome/76.0.3809.100 Safari/537.36"
Casual Cotton Blend Zipper Up with Button Fashion Hoodie DCD-315222,https://web.archive.org/web/20150424051750/http://www.tinydeal.com/it/casual-cotton-blend-zipper-up-with-button-fashion-hoodie-p-129577.html,13.74€,27.34€ ,"Mozilla/5.0 (Windows NT 10.0; Win64; x64) AppleWebKit/537.36 (KHTML, like Gecko) Chrome/76.0.3809.100 Safari/537.36"
Original Xiaomi 16000mAh 2.1A Alloy Power Bank Battery Pack EBTPH-357960,https://web.archive.org/web/20150424051750/http://www.tinydeal.com/it/original-xiaomi-16000mah-21a-alloy-power-bank-battery-pack-p-140856.html,25.07€,32.99€ ,"Mozilla/5.0 (Windows NT 10.0; Win64; x64) AppleWebKit/537.36 (KHTML, like Gecko) Chrome/76.0.3809.100 Safari/537.36"
4 x CX-10 CX-10A Blades Rotors Spare Parts RC Accessories  TRC-352440,https://web.archive.org/web/20150424051750/http://www.tinydeal.com/it/4-x-cx-10-cx-10a-blades-rotors-spare-parts-rc-accessories-p-139831.html,0.88€,1.15€ ,"Mozilla/5.0 (Windows NT 10.0; Win64; x64) AppleWebKit/537.36 (KHTML, like Gecko) Chrome/76.0.3809.100 Safari/537.36"
"CHUWI Vi8 8"" Dual OS Z3735F 2G 32GB Tablet PC + Case KB-376842",https://web.archive.org/web/20150424051750/http://www.tinydeal.com/it/chuwi-vi8-8-dual-os-z3735f-2g-32gb-tablet-pc-case-p-145504.html,109.54€,155.05€ ,"Mozilla/5.0 (Windows NT 10.0; Win64; x64) AppleWebKit/537.36 (KHTML, like Gecko) Chrome/76.0.3809.100 Safari/537.36"
Original Silicone Case for Xiaomi 10400mAh Power Bank EBTPH-364528,https://web.archive.org/web/20150424051750/http://www.tinydeal.com/it/original-silicone-case-for-xiaomi-10400mah-power-bank-p-142782.html,0.93€,3.39€ ,"Mozilla/5.0 (Windows NT 10.0; Win64; x64) AppleWebKit/537.36 (KHTML, like Gecko) Chrome/76.0.3809.100 Safari/537.36"
"E800 7"" Touch Screen 8GB Ultrathin GPS Navigator - Europe Map RGP-320878",https://web.archive.org/web/20150424051750/http://www.tinydeal.com/it/e800-7-touch-screen-8gb-ultrathin-gps-navigator-europe-map-p-131764.html,57.00€,65.88€ ,"Mozilla/5.0 (Windows NT 10.0; Win64; x64) AppleWebKit/537.36 (KHTML, like Gecko) Chrome/76.0.3809.100 Safari/537.36"
QCY QY7 Wireless Bluetooth 4.1 Stereo Sports Earphone with Mic EEP-362375,https://web.archive.org/web/20150424051750/http://www.tinydeal.com/it/qcy-qy7-wireless-bluetooth-41-stereo-sports-earphone-with-mic-p-142320.html,17.59€,23.96€ ,"Mozilla/5.0 (Windows NT 10.0; Win64; x64) AppleWebKit/537.36 (KHTML, like Gecko) Chrome/76.0.3809.100 Safari/537.36"
"DOOGEE DG800 4.5"" IPS qHD 4-Core Android 4.4 Back Touch Phone P05-DG800",https://web.archive.org/web/20150424051750/http://www.tinydeal.com/it/doogee-dg800-45-ips-qhd-4-core-android-44-back-touch-phone-p-128619.html,87.99€,104.33€ ,"Mozilla/5.0 (Windows NT 10.0; Win64; x64) AppleWebKit/537.36 (KHTML, like Gecko) Chrome/76.0.3809.100 Safari/537.36"
Tungsten Steel Texture Packed Barbed Fishhook (3-12#) QHF-247918,https://web.archive.org/web/20150424051750/http://www.tinydeal.com/it/tungsten-steel-texture-packed-barbed-fishhook-3-12-p-109709.html,1.42€,1.83€ ,"Mozilla/5.0 (Windows NT 10.0; Win64; x64) AppleWebKit/537.36 (KHTML, like Gecko) Chrome/76.0.3809.100 Safari/537.36"
"LENOVO A806 5"" IPS HD MTK6592 8-Core Android 4.4 4G LTE Phone P05-A806",https://web.archive.org/web/20150424051750/http://www.tinydeal.com/it/lenovo-a806-5-ips-hd-mtk6592-8-core-android-44-4g-lte-phone-p-139638.html,147.43€,184.29€ ,"Mozilla/5.0 (Windows NT 10.0; Win64; x64) AppleWebKit/537.36 (KHTML, like Gecko) Chrome/76.0.3809.100 Safari/537.36"
3D Creative Quick Drying Big Mouth Long Sleeve Cycling Jersey DCD-351694,https://web.archive.org/web/20150424051750/http://www.tinydeal.com/it/3d-creative-quick-drying-big-mouth-long-sleeve-cycling-jersey-p-139457.html,12.91€,33.32€ ,"Mozilla/5.0 (Windows NT 10.0; Win64; x64) AppleWebKit/537.36 (KHTML, like Gecko) Chrome/76.0.3809.100 Safari/537.36"
"GT08 1.5"" 2.5D OGS HD Screen Dialer NFC Watch Phone P05-WGT08",https://web.archive.org/web/20150424051750/http://www.tinydeal.com/it/gt08-15-25d-ogs-hd-screen-dialer-nfc-watch-phone-p-146651.html,55.04€,91.74€ ,"Mozilla/5.0 (Windows NT 10.0; Win64; x64) AppleWebKit/537.36 (KHTML, like Gecko) Chrome/76.0.3809.100 Safari/537.36"
TX-9 mini inseguitore di GPS dell'automobile di GSM GPRS SMS Rea RGP-330083,https://web.archive.org/web/20150424051750/http://www.tinydeal.com/it/tx-9-mini-car-gps-tracker-gsm-gprs-sms-real-time-tracking-system-p-134235.html,11.78€,15.97€ ,"Mozilla/5.0 (Windows NT 10.0; Win64; x64) AppleWebKit/537.36 (KHTML, like Gecko) Chrome/76.0.3809.100 Safari/537.36"
Cheerson CX-10 Nano RC UFO Quadcopter 4-CH VS Hubsan H111 TRC-307523,https://web.archive.org/web/20150424051750/http://www.tinydeal.com/it/cheerson-cx-10-nano-rc-ufo-quadcopter-4-ch-vs-hubsan-h111-p-128529.html,16.12€,21.69€ ,"Mozilla/5.0 (Windows NT 10.0; Win64; x64) AppleWebKit/537.36 (KHTML, like Gecko) Chrome/76.0.3809.100 Safari/537.36"
"BOW Bluetooth 3.0 Keyboard for 9.7"" Windows Android IOS Tablet ECA-383128",https://web.archive.org/web/20150424051750/http://www.tinydeal.com/it/bow-bluetooth-30-keyboard-for-97-windows-android-ios-tablet-p-147067.html,25.66€,65.87€ ,"Mozilla/5.0 (Windows NT 10.0; Win64; x64) AppleWebKit/537.36 (KHTML, like Gecko) Chrome/76.0.3809.100 Safari/537.36"
Retro Style Hollow-out Alloy Butterfly Sweater Vintage Necklace DJA-354011,https://web.archive.org/web/20150424051750/http://www.tinydeal.com/it/retro-style-hollow-out-alloy-butterfly-sweater-vintage-necklace-p-139960.html,0.81€,1.56€ ,"Mozilla/5.0 (Windows NT 10.0; Win64; x64) AppleWebKit/537.36 (KHTML, like Gecko) Chrome/76.0.3809.100 Safari/537.36"
"ECOO E04 PLUS 5.5"" IPS FHD MTK6752 8-Core Android 4.4 4G Phone P07-3EOE04",https://web.archive.org/web/20150424051750/http://www.tinydeal.com/it/ecoo-e04-plus-55-ips-fhd-mtk6752-8-core-android-44-4g-phone-p-147000.html,173.81€,210.40€ ,"Mozilla/5.0 (Windows NT 10.0; Win64; x64) AppleWebKit/537.36 (KHTML, like Gecko) Chrome/76.0.3809.100 Safari/537.36"
Masquerade Funny Terror Face Mask Halloween-Random Pattern DCP-340953,https://web.archive.org/web/20150424051750/http://www.tinydeal.com/it/masquerade-funny-terror-face-mask-halloween-random-pattern-p-136728.html,3.11€,3.39€ ,"Mozilla/5.0 (Windows NT 10.0; Win64; x64) AppleWebKit/537.36 (KHTML, like Gecko) Chrome/76.0.3809.100 Safari/537.36"
"Laude Talk7 Phone 7"" Android 4.2.2 4GB 3G Phablet + Film ETC-274034",https://web.archive.org/web/20150424051750/http://www.tinydeal.com/it/laude-talk7-phone-7-android-422-4gb-3g-phablet-film-p-118724.html,57.55€,124.02€ ,"Mozilla/5.0 (Windows NT 10.0; Win64; x64) AppleWebKit/537.36 (KHTML, like Gecko) Chrome/76.0.3809.100 Safari/537.36"
Colorful Hair Band Flash LED Braid - Color Assorted HBI-237298,https://web.archive.org/web/20150424051750/http://www.tinydeal.com/it/colorful-hair-band-flash-led-braid-color-assorted-p-106708.html,1.12€,1.42€ ,"Mozilla/5.0 (Windows NT 10.0; Win64; x64) AppleWebKit/537.36 (KHTML, like Gecko) Chrome/76.0.3809.100 Safari/537.36"
Micro USB DVB-T ISDB-T Digital Mobile Streamer ez TV Tuner ETA-382787,https://web.archive.org/web/20150424051750/http://www.tinydeal.com/it/micro-usb-dvb-t-isdb-t-digital-mobile-streamer-ez-tv-tuner-p-147163.html,18.56€,22.27€ ,"Mozilla/5.0 (Windows NT 10.0; Win64; x64) AppleWebKit/537.36 (KHTML, like Gecko) Chrome/76.0.3809.100 Safari/537.36"
"TECLAST X98 Air 3G 9.7"" Dual OS 2GB 64GB 3G Tablet + Case + Film KB-376841",https://web.archive.org/web/20150424051750/http://www.tinydeal.com/it/teclast-x98-air-3g-97-dual-os-2gb-64gb-3g-tablet-case-film-p-145505.html,233.95€,306.57€ ,"Mozilla/5.0 (Windows NT 10.0; Win64; x64) AppleWebKit/537.36 (KHTML, like Gecko) Chrome/76.0.3809.100 Safari/537.36"
216 x 3mm Buckyballs Magic Magnetic DIY Balls FMC-77085,https://web.archive.org/web/20150424051750/http://www.tinydeal.com/it/216-x-3mm-buckyballs-magic-magnetic-diy-balls-p-53856.html,4.43€,6.23€ ,"Mozilla/5.0 (Windows NT 10.0; Win64; x64) AppleWebKit/537.36 (KHTML, like Gecko) Chrome/76.0.3809.100 Safari/537.36"
Gin H7 4-CH 2.4GHz RC Quadcopter with 6 Axis Gyro/LED RTF TRC-348393,https://web.archive.org/web/20150424051750/http://www.tinydeal.com/it/gin-h7-4-ch-24ghz-rc-quadcopter-with-6-axis-gyroled-rtf-p-138822.html,15.35€,30.88€ ,"Mozilla/5.0 (Windows NT 10.0; Win64; x64) AppleWebKit/537.36 (KHTML, like Gecko) Chrome/76.0.3809.100 Safari/537.36"
SYMA X5C X5C-1 LCD RC Quadcopter 4CH 2.4GHz w 6-axis 2MP Camera TRC-301757,https://web.archive.org/web/20150424051750/http://www.tinydeal.com/it/syma-x5c-x5c-1-lcd-rc-quadcopter-4ch-24ghz-w-6-axis-2mp-camera-p-126482.html,48.72€,61.16€ ,"Mozilla/5.0 (Windows NT 10.0; Win64; x64) AppleWebKit/537.36 (KHTML, like Gecko) Chrome/76.0.3809.100 Safari/537.36"
"ONDA V891 8.9"" Dual OS Z3735F 2GB 32GB Tablet PC w/ Bluetooth ETC-386383",https://web.archive.org/web/20150424051750/http://www.tinydeal.com/it/onda-v891-89-dual-os-z3735f-2gb-32gb-tablet-pc-w-bluetooth-p-147733.html,116.04€,222.90€ ,"Mozilla/5.0 (Windows NT 10.0; Win64; x64) AppleWebKit/537.36 (KHTML, like Gecko) Chrome/76.0.3809.100 Safari/537.36"
"THL T6S 5.0"" JDI Screen MTK6582 Quad Core Android4.4.2 3G Phone P07-T6S",https://web.archive.org/web/20150424051750/http://www.tinydeal.com/it/thl-t6s-50-jdi-screen-mtk6582-quad-core-android442-3g-phone-p-133760.html,76.12€,81.70€ ,"Mozilla/5.0 (Windows NT 10.0; Win64; x64) AppleWebKit/537.36 (KHTML, like Gecko) Chrome/76.0.3809.100 Safari/537.36"
Quick Button Smart Klick Key & Folding Credit Card Knife KB-387011,https://web.archive.org/web/20150424051750/http://www.tinydeal.com/it/quick-button-smart-klick-key-folding-credit-card-knife-p-147770.html,1.45€,1.84€ ,"Mozilla/5.0 (Windows NT 10.0; Win64; x64) AppleWebKit/537.36 (KHTML, like Gecko) Chrome/76.0.3809.100 Safari/537.36"
Iron Hand 16GB USB 2.0 Flash Drive U Disk-Style Assorted EUD-372486,https://web.archive.org/web/20150424051750/http://www.tinydeal.com/it/iron-hand-16gb-usb-20-flash-drive-u-disk-style-assorted-p-144419.html,7.57€,10.90€ ,"Mozilla/5.0 (Windows NT 10.0; Win64; x64) AppleWebKit/537.36 (KHTML, like Gecko) Chrome/76.0.3809.100 Safari/537.36"
40mm Biomimetic Sinking Fishing Lure Crank Bait Bass Hook STH-337770,https://web.archive.org/web/20150424051750/http://www.tinydeal.com/it/40mm-biomimetic-sinking-fishing-lure-crank-bait-bass-hook-p-136017.html,1.12€,1.23€ ,"Mozilla/5.0 (Windows NT 10.0; Win64; x64) AppleWebKit/537.36 (KHTML, like Gecko) Chrome/76.0.3809.100 Safari/537.36"
"ELEPHONE P6000 5"" OGS Android 4.4.4 MTK6732 4-Core 4G LTE Phone P05-EPP6000",https://web.archive.org/web/20150424051750/http://www.tinydeal.com/it/elephone-p6000-5-ogs-android-444-mtk6732-4-core-4g-lte-phone-p-142203.html,137.07€,155.35€ ,"Mozilla/5.0 (Windows NT 10.0; Win64; x64) AppleWebKit/537.36 (KHTML, like Gecko) Chrome/76.0.3809.100 Safari/537.36"
Xiaomi 10400mAh 2.1A Power Bank for iPhone 6 Samsung Cellphone EBTPH-294409,https://web.archive.org/web/20150424051750/http://www.tinydeal.com/it/xiaomi-10400mah-21a-power-bank-for-iphone-6-samsung-cellphone-p-124058.html,19.21€,20.91€ ,"Mozilla/5.0 (Windows NT 10.0; Win64; x64) AppleWebKit/537.36 (KHTML, like Gecko) Chrome/76.0.3809.100 Safari/537.36"
Flag Striped Leopard Print Crewneck Cocktail Dresses DCD-297988,https://web.archive.org/web/20150424051750/http://www.tinydeal.com/it/flag-striped-leopard-print-crewneck-cocktail-dresses-p-124798.html,3.53€,16.39€ ,"Mozilla/5.0 (Windows NT 10.0; Win64; x64) AppleWebKit/537.36 (KHTML, like Gecko) Chrome/76.0.3809.100 Safari/537.36"
"DOOGEE DG550 5.5 ""IPS OGS HD MTK6592 8-Core Android 4.2 Cellular P05-DG550",https://web.archive.org/web/20150424051750/http://www.tinydeal.com/it/doogee-dg550-55-ips-ogs-hd-mtk6592-8-core-android-442-phone-p-126873.html,126.55€,163.88€ ,"Mozilla/5.0 (Windows NT 10.0; Win64; x64) AppleWebKit/537.36 (KHTML, like Gecko) Chrome/76.0.3809.100 Safari/537.36"
9.7 inch High Definition LCD Screen Protector for TECLAST X98 ECA-346807,https://web.archive.org/web/20150424051750/http://www.tinydeal.com/it/97-inch-high-definition-lcd-screen-protector-for-teclast-x98-p-138841.html,1.41€,4.66€ ,"Mozilla/5.0 (Windows NT 10.0; Win64; x64) AppleWebKit/537.36 (KHTML, like Gecko) Chrome/76.0.3809.100 Safari/537.36"
Original ARUN 10000mAh Dual USB Power Bank LCD Display Battery  EBTPH-375442,https://web.archive.org/web/20150424051750/http://www.tinydeal.com/it/original-arun-10000mah-dual-usb-power-bank-lcd-display-battery-p-145017.html,13.40€,42.28€ ,"Mozilla/5.0 (Windows NT 10.0; Win64; x64) AppleWebKit/537.36 (KHTML, like Gecko) Chrome/76.0.3809.100 Safari/537.36"
Special Lace Striped Semi-sheer Sexy Lingerie DUW-282663,https://web.archive.org/web/20150424051750/http://www.tinydeal.com/it/special-lace-striped-semi-sheer-sexy-lingerie-p-120003.html,2.84€,3.56€ ,"Mozilla/5.0 (Windows NT 10.0; Win64; x64) AppleWebKit/537.36 (KHTML, like Gecko) Chrome/76.0.3809.100 Safari/537.36"
HENG FANG Magic Changeable Color Lipstick Lip Cream BCI-292244,https://web.archive.org/web/20150424051750/http://www.tinydeal.com/it/heng-fang-magic-changeable-color-lipstick-lip-cream-p-123134.html,0.94€,1.58€ ,"Mozilla/5.0 (Windows NT 10.0; Win64; x64) AppleWebKit/537.36 (KHTML, like Gecko) Chrome/76.0.3809.100 Safari/537.36"
360 Custodia in pelle gradi girevole PU w ​​/ stand per iPad 2 / EPALC-323147,https://web.archive.org/web/20150424051750/http://www.tinydeal.com/it/360-degree-rotatable-pu-leather-case-w-stand-for-ipad-2-3-4-p-132408.html,7.35€,8.01€ ,"Mozilla/5.0 (Windows NT 10.0; Win64; x64) AppleWebKit/537.36 (KHTML, like Gecko) Chrome/76.0.3809.100 Safari/537.36"
"Laude A12 10.1"" Android 4.4 ATM7029B Tablet w/ WiFi OTG ETC-284896",https://web.archive.org/web/20150424051750/http://www.tinydeal.com/it/laude-a12-101-android-44-atm7029b-tablet-w-wifi-otg-p-121903.html,76.12€,158.79€ ,"Mozilla/5.0 (Windows NT 10.0; Win64; x64) AppleWebKit/537.36 (KHTML, like Gecko) Chrome/76.0.3809.100 Safari/537.36"
"CHUWI V10HD 3G 10.1"" Dual Boot Z3735F 2GB 32GB 3G Tablet PC ETC-383337",https://web.archive.org/web/20150424051750/http://www.tinydeal.com/it/chuwi-v10hd-3g-101-dual-boot-z3735f-2gb-32gb-3g-tablet-pc-p-147285.html,167.11€,363.28€ ,"Mozilla/5.0 (Windows NT 10.0; Win64; x64) AppleWebKit/537.36 (KHTML, like Gecko) Chrome/76.0.3809.100 Safari/537.36"
ALIKE Fashion 50M Waterproof Men Analog-digital Wrist Watch WMN-205187,https://web.archive.org/web/20150424051750/http://www.tinydeal.com/it/alike-fashion-50m-waterproof-men-analog-digital-wrist-watch-p-97617.html,8.06€,21.12€ ,"Mozilla/5.0 (Windows NT 10.0; Win64; x64) AppleWebKit/537.36 (KHTML, like Gecko) Chrome/76.0.3809.100 Safari/537.36"
"INEW V3 PLUS 5"" IPS OGS HD Android 4.4 MTK6592M 8-Core 3G Phone P07-IWV3J",https://web.archive.org/web/20150424051750/http://www.tinydeal.com/it/inew-v3-plus-5-ips-ogs-hd-android-44-mtk6592m-8-core-3g-phone-p-141246.html,142.92€,227.58€ ,"Mozilla/5.0 (Windows NT 10.0; Win64; x64) AppleWebKit/537.36 (KHTML, like Gecko) Chrome/76.0.3809.100 Safari/537.36"
"CUBE TALK7X Octa-core 7"" Android 4.4 MTK8392 3G Phablet w/ GPS ETC-354428",https://web.archive.org/web/20150424051750/http://www.tinydeal.com/it/cube-talk7x-octa-core-7-android-44-mtk8392-3g-phablet-w-gps-p-139945.html,81.69€,179.22€ ,"Mozilla/5.0 (Windows NT 10.0; Win64; x64) AppleWebKit/537.36 (KHTML, like Gecko) Chrome/76.0.3809.100 Safari/537.36"
Smiley Face Pattern Toilet Sticker Wall Decal Mural Art Decor HHIDI-352690,https://web.archive.org/web/20150424051750/http://www.tinydeal.com/it/smiley-face-pattern-toilet-sticker-wall-decal-mural-art-decor-p-139616.html,0.76€,1.63€ ,"Mozilla/5.0 (Windows NT 10.0; Win64; x64) AppleWebKit/537.36 (KHTML, like Gecko) Chrome/76.0.3809.100 Safari/537.36"
Lokai Silicone Bead Mud Transparent Bracelet Soft Bracelet DJA-384698,https://web.archive.org/web/20150424051750/http://www.tinydeal.com/it/lokai-silicone-bead-mud-transparent-bracelet-soft-bracelet-p-147556.html,2.14€,3.12€ ,"Mozilla/5.0 (Windows NT 10.0; Win64; x64) AppleWebKit/537.36 (KHTML, like Gecko) Chrome/76.0.3809.100 Safari/537.36"
Starry Night Galaxy Diamond Design Pendant Necklace DJA-364880,https://web.archive.org/web/20150424051750/http://www.tinydeal.com/it/starry-night-galaxy-diamond-design-pendant-necklace-p-142633.html,1.72€,1.79€ ,"Mozilla/5.0 (Windows NT 10.0; Win64; x64) AppleWebKit/537.36 (KHTML, like Gecko) Chrome/76.0.3809.100 Safari/537.36"
"ONDA V975W 9.7"" Windows 8.1 Intel Atom Z3735F 2GB 32GB Tablet PC ETC-325016",https://web.archive.org/web/20150424051750/http://www.tinydeal.com/it/onda-v975w-97-windows-81-intel-atom-z3735f-2gb-32gb-tablet-pc-p-132594.html,170.82€,329.27€ ,"Mozilla/5.0 (Windows NT 10.0; Win64; x64) AppleWebKit/537.36 (KHTML, like Gecko) Chrome/76.0.3809.100 Safari/537.36"
Pair of Magnetic Losing Weight Toe Rings HBI-13397,https://web.archive.org/web/20150424051750/http://www.tinydeal.com/it/pair-of-magnetic-losing-weight-toe-rings-p-12727.html,0.83€,1.22€ ,"Mozilla/5.0 (Windows NT 10.0; Win64; x64) AppleWebKit/537.36 (KHTML, like Gecko) Chrome/76.0.3809.100 Safari/537.36"
Replacement Silica Necklace Pendant Holder Xiaomi Smart Bracelet WWTWA-380509,https://web.archive.org/web/20150424051750/http://www.tinydeal.com/it/replacement-silica-necklace-pendant-holder-xiaomi-smart-bracelet-p-146864.html,4.26€,6.08€ ,"Mozilla/5.0 (Windows NT 10.0; Win64; x64) AppleWebKit/537.36 (KHTML, like Gecko) Chrome/76.0.3809.100 Safari/537.36"
